<environmentvariabledefinition schemaname="pei_IC_PowerAPP_URL">
  <defaultvalue>https://apps.powerapps.com/play/e/6291e5f2-e4f0-e62a-b163-4c8d67aafdab/a/b74ff1d7-61db-4890-b836-1a4aece643b0?tenantId=1a67444e-6d14-4022-b01c-c225b1c02a3c&amp;hint=168cf971-ddd2-4467-9f31-78a9266f3c45&amp;sourcetime=1763466266372</defaultvalue>
  <displayname default="IC_PowerAPP_URL">
    <label description="IC_PowerAPP_URL" languagecode="1033" />
  </displayname>
  <introducedversion>1.0.0.28</introducedversion>
  <iscustomizable>1</iscustomizable>
  <isrequired>0</isrequired>
  <secretstore>0</secretstore>
  <type>100000000</type>
</environmentvariabledefinition>