<ImportExportXml xmlns:xsi="http://www.w3.org/2001/XMLSchema-instance" OrganizationVersion="9.2.25104.160" OrganizationSchemaType="Standard" CRMServerServiceabilityVersion="9.2.25104.00160">
  <Entities></Entities>
  <Roles></Roles>
  <Workflows>
    <Workflow WorkflowId="{a51f4e6a-7ec8-f011-8544-6045bdf2788c}" Name="Send Email on Idea Submission">
      <JsonFileName>/Workflows/SendEmailonIdeaSubmission-A51F4E6A-7EC8-F011-8544-6045BDF2788C.json</JsonFileName>
      <Type>1</Type>
      <Subprocess>0</Subprocess>
      <Category>5</Category>
      <Mode>0</Mode>
      <Scope>4</Scope>
      <OnDemand>0</OnDemand>
      <TriggerOnCreate>0</TriggerOnCreate>
      <TriggerOnDelete>0</TriggerOnDelete>
      <AsyncAutodelete>0</AsyncAutodelete>
      <SyncWorkflowLogOnFailure>0</SyncWorkflowLogOnFailure>
      <StateCode>1</StateCode>
      <StatusCode>2</StatusCode>
      <RunAs>1</RunAs>
      <IsTransacted>1</IsTransacted>
      <IntroducedVersion>1.0.0.28</IntroducedVersion>
      <IsCustomizable>1</IsCustomizable>
      <BusinessProcessType>0</BusinessProcessType>
      <IsCustomProcessingStepAllowedForOtherPublishers>1</IsCustomProcessingStepAllowedForOtherPublishers>
      <ModernFlowType>0</ModernFlowType>
      <PrimaryEntity>none</PrimaryEntity>
      <LocalizedNames>
        <LocalizedName languagecode="1033" description="Send Email on Idea Submission" />
      </LocalizedNames>
    </Workflow>
    <Workflow WorkflowId="{103db36c-1cca-f011-8544-6045bdf2788c}" Name="Send Email on Solution Submission">
      <JsonFileName>/Workflows/SendEmailonSolutionSubmission-103DB36C-1CCA-F011-8544-6045BDF2788C.json</JsonFileName>
      <Type>1</Type>
      <Subprocess>0</Subprocess>
      <Category>5</Category>
      <Mode>0</Mode>
      <Scope>4</Scope>
      <OnDemand>0</OnDemand>
      <TriggerOnCreate>0</TriggerOnCreate>
      <TriggerOnDelete>0</TriggerOnDelete>
      <AsyncAutodelete>0</AsyncAutodelete>
      <SyncWorkflowLogOnFailure>0</SyncWorkflowLogOnFailure>
      <StateCode>0</StateCode>
      <StatusCode>1</StatusCode>
      <RunAs>1</RunAs>
      <IsTransacted>1</IsTransacted>
      <IntroducedVersion>1.0.0.31</IntroducedVersion>
      <IsCustomizable>1</IsCustomizable>
      <BusinessProcessType>0</BusinessProcessType>
      <IsCustomProcessingStepAllowedForOtherPublishers>1</IsCustomProcessingStepAllowedForOtherPublishers>
      <ModernFlowType>0</ModernFlowType>
      <PrimaryEntity>none</PrimaryEntity>
      <LocalizedNames>
        <LocalizedName languagecode="1033" description="Send Email on Solution Submission" />
      </LocalizedNames>
    </Workflow>
  </Workflows>
  <FieldSecurityProfiles></FieldSecurityProfiles>
  <Templates />
  <EntityMaps />
  <EntityRelationships />
  <OrganizationSettings />
  <optionsets />
  <CustomControls />
  <EntityDataProviders />
  <CanvasApps>
    <CanvasApp>
      <Name>pei_innovationcampaign_a435d</Name>
      <AppVersion>2025-11-25T17:17:47Z</AppVersion>
      <Status>Ready</Status>
      <CreatedByClientVersion>3.25111.6.0</CreatedByClientVersion>
      <MinClientVersion>3.25111.6.0</MinClientVersion>
      <Tags>{"primaryDeviceWidth":"1366","primaryDeviceHeight":"768","supportsPortrait":"true","supportsLandscape":"true","primaryFormFactor":"Tablet","showStatusBar":"false","publisherVersion":"3.25111.6","minimumRequiredApiVersion":"2.2.0","hasComponent":"true","hasUnlockedComponent":"true","isUnifiedRootApp":"false","sienaVersion":"20251125T165332Z-3.25111.6.0"}</Tags>
      <IsCdsUpgraded>0</IsCdsUpgraded>
      <GalleryItemId xsi:nil="true"></GalleryItemId>
      <BackgroundColor>rgba(255, 166, 0, 1)</BackgroundColor>
      <DisplayName>SZC Innovation Hub</DisplayName>
      <Description xsi:nil="true"></Description>
      <CommitMessage xsi:nil="true"></CommitMessage>
      <Publisher></Publisher>
      <AuthorizationReferences>[]</AuthorizationReferences>
      <ConnectionReferences>{"7fd82160-0908-452b-8370-5b0496f36fc2":{"id":"/providers/microsoft.powerapps/apis/shared_sharepointonline","displayName":"SharePoint","iconUri":"https://conn-afd-prod-endpoint-bmc9bqahasf3grgk.b01.azurefd.net/v1.0.1769/1.0.1769.4352/sharepointonline/icon.png","dataSources":["InnovationCampaign","Comments","ArchiveInnovationCampaign","IC_Challenge","IC_Challenge_Solutions","IC_Challenge_Comments","IC_Admin_Users_List","IC_PMO_Members","InnovationCampaign_AppUsage","IC_Feedback_List"],"dependencies":[],"dependents":[],"parameterHints":{},"parameterHintsV2":{},"isOnPremiseConnection":false,"bypassConsent":false,"dataSets":{"https://365pace.sharepoint.com/sites/Playground_new_InnovationCampaignSiteURL":{"datasetOverride":{"name":"https://365pace.sharepoint.com/sites/Playground","environmentVariableName":"new_InnovationCampaignSiteURL"},"dataSources":{"InnovationCampaign":{"tableName":"808b57ce-2745-4d58-b9f3-844d50d3eac8","tableNameOverride":{"name":"808b57ce-2745-4d58-b9f3-844d50d3eac8","environmentVariableName":"new_InnovationCampaign_ListURL"}},"Comments":{"tableName":"8208a375-d9c5-44a9-98b3-b81abd0e0c8f","tableNameOverride":{"name":"8208a375-d9c5-44a9-98b3-b81abd0e0c8f","environmentVariableName":"new_InnovationCampaign_CommentList"}},"ArchiveInnovationCampaign":{"tableName":"c41c3743-c599-474f-8e82-30093f3fd88b","tableNameOverride":{"name":"c41c3743-c599-474f-8e82-30093f3fd88b","environmentVariableName":"new_InnovationCampaign_Archive_ListURL"}},"IC_Challenge":{"tableName":"178517d0-8a8c-4cba-9207-45b338b8ed47","tableNameOverride":{"name":"178517d0-8a8c-4cba-9207-45b338b8ed47","environmentVariableName":"new_InnovationCampaign_Challenge"}},"IC_Challenge_Solutions":{"tableName":"bced2bb1-ec42-44e9-a5f7-40d1b9034d29","tableNameOverride":{"name":"bced2bb1-ec42-44e9-a5f7-40d1b9034d29","environmentVariableName":"new_shared_sharepointonline_d27ae97bd86b485cbed5ea5e69a668fa"}},"IC_Challenge_Comments":{"tableName":"44d70a7b-960f-4a0e-9d1c-a45b8ff062b2","tableNameOverride":{"name":"44d70a7b-960f-4a0e-9d1c-a45b8ff062b2","environmentVariableName":"new_shared_sharepointonline_43261a50dd5a46b1a751d37df00f4f35"}},"IC_Admin_Users_List":{"tableName":"ae600f25-86b3-4cbe-8bd6-3004ef45fa84","tableNameOverride":{"name":"ae600f25-86b3-4cbe-8bd6-3004ef45fa84","environmentVariableName":"new_IC_Admin_Users_List"}},"IC_PMO_Members":{"tableName":"7dca2575-f210-4b7e-96ee-03ad42dc5451","tableNameOverride":{"name":"7dca2575-f210-4b7e-96ee-03ad42dc5451","environmentVariableName":"pei_IC_PMO_Members"}},"InnovationCampaign_AppUsage":{"tableName":"02653272-84f9-43c2-8e0d-8cd0565d1397","tableNameOverride":{"name":"02653272-84f9-43c2-8e0d-8cd0565d1397","environmentVariableName":"new_InnovationCampaign_AppUsage"}},"IC_Feedback_List":{"tableName":"25681b3e-97f4-45a2-a58e-accb2798d09c","tableNameOverride":{"name":"25681b3e-97f4-45a2-a58e-accb2798d09c","environmentVariableName":"new_IC_Feedback_List"}}}}},"apiTier":"Standard","actions":["providers/PowerPlatform.Governance/Operations/Read","providers/PowerPlatform.Governance/Operations/Write","providers/PowerPlatform.Governance/Operations/Delete"]},"903ff081-d302-4e9c-8218-26dd5ee500c8":{"id":"/providers/microsoft.powerapps/apis/shared_office365","displayName":"Office 365 Outlook","iconUri":"https://conn-afd-prod-endpoint-bmc9bqahasf3grgk.b01.azurefd.net/releases/v1.0.1782/1.0.1782.4452/office365/icon.png","dataSources":["Office365Outlook"],"dependencies":[],"dependents":[],"parameterHints":{},"parameterHintsV2":{},"isOnPremiseConnection":false,"bypassConsent":false,"dataSets":{},"apiTier":"Standard","actions":["SendEmailV2"]},"6f544c1b-3d18-4f9d-bd7c-f91a495feff7":{"id":"/providers/microsoft.powerapps/apis/shared_office365users","displayName":"Office 365 Users","iconUri":"https://conn-afd-prod-endpoint-bmc9bqahasf3grgk.b01.azurefd.net/releases/v1.0.1777/1.0.1777.4410/office365users/icon.png","dataSources":["Office365Users"],"dependencies":[],"dependents":[],"parameterHints":{},"parameterHintsV2":{},"isOnPremiseConnection":false,"bypassConsent":false,"dataSets":{},"apiTier":"Standard","actions":["SearchUser"]}}</ConnectionReferences>
      <DatabaseReferences>{}</DatabaseReferences>
      <AppComponents>[]</AppComponents>
      <AppComponentDependencies>[]</AppComponentDependencies>
      <CanConsumeAppPass>1</CanConsumeAppPass>
      <CanvasAppType>0</CanvasAppType>
      <BypassConsent>0</BypassConsent>
      <AdminControlBypassConsent>0</AdminControlBypassConsent>
      <EmbeddedApp xsi:nil="true"></EmbeddedApp>
      <IntroducedVersion>1.0</IntroducedVersion>
      <CdsDependencies>{"cdsdependencies":[{"logicalname":"new_InnovationCampaignSiteURL","componenttype":380,"componenttypeplatformname":"EnvironmentVariableDefinition"},{"logicalname":"new_InnovationCampaign_ListURL","componenttype":380,"componenttypeplatformname":"EnvironmentVariableDefinition"},{"logicalname":"new_InnovationCampaign_CommentList","componenttype":380,"componenttypeplatformname":"EnvironmentVariableDefinition"},{"logicalname":"new_InnovationCampaign_Archive_ListURL","componenttype":380,"componenttypeplatformname":"EnvironmentVariableDefinition"},{"logicalname":"new_InnovationCampaign_Challenge","componenttype":380,"componenttypeplatformname":"EnvironmentVariableDefinition"},{"logicalname":"new_shared_sharepointonline_d27ae97bd86b485cbed5ea5e69a668fa","componenttype":380,"componenttypeplatformname":"EnvironmentVariableDefinition"},{"logicalname":"new_shared_sharepointonline_43261a50dd5a46b1a751d37df00f4f35","componenttype":380,"componenttypeplatformname":"EnvironmentVariableDefinition"},{"logicalname":"new_IC_Admin_Users_List","componenttype":380,"componenttypeplatformname":"EnvironmentVariableDefinition"},{"logicalname":"pei_IC_PMO_Members","componenttype":380,"componenttypeplatformname":"EnvironmentVariableDefinition"},{"logicalname":"new_InnovationCampaign_AppUsage","componenttype":380,"componenttypeplatformname":"EnvironmentVariableDefinition"},{"logicalname":"new_IC_Feedback_List","componenttype":380,"componenttypeplatformname":"EnvironmentVariableDefinition"}]}</CdsDependencies>
      <IsCustomizable>1</IsCustomizable>
      <BackgroundImageUri>/CanvasApps/pei_innovationcampaign_a435d_BackgroundImageUri</BackgroundImageUri>
      <DocumentUri>/CanvasApps/pei_innovationcampaign_a435d_DocumentUri.msapp</DocumentUri>
      <AdditionalUris>
        <AdditionalUri>/CanvasApps/pei_innovationcampaign_a435d_AdditionalUris0_identity.json</AdditionalUri>
      </AdditionalUris>
    </CanvasApp>
  </CanvasApps>
  <connectionreferences>
    <connectionreference connectionreferencelogicalname="new_sharedoffice365_05102">
      <connectionreferencedisplayname>Office 365 Outlook InnovationCampaign-05102</connectionreferencedisplayname>
      <connectorid>/providers/Microsoft.PowerApps/apis/shared_office365</connectorid>
      <iscustomizable>1</iscustomizable>
      <promptingbehavior>0</promptingbehavior>
      <statecode>0</statecode>
      <statuscode>1</statuscode>
    </connectionreference>
    <connectionreference connectionreferencelogicalname="new_sharedsharepointonline_43050">
      <connectionreferencedisplayname>SharePoint InnovationCampaign-43050</connectionreferencedisplayname>
      <connectorid>/providers/Microsoft.PowerApps/apis/shared_sharepointonline</connectorid>
      <iscustomizable>1</iscustomizable>
      <promptingbehavior>0</promptingbehavior>
      <statecode>0</statecode>
      <statuscode>1</statuscode>
    </connectionreference>
    <connectionreference connectionreferencelogicalname="pei_sharedoffice365_12f8a">
      <connectionreferencedisplayname>Office 365 Outlook InnovationCampaignInnovativeIdeasRegister-12f8a</connectionreferencedisplayname>
      <connectorid>/providers/Microsoft.PowerApps/apis/shared_office365</connectorid>
      <iscustomizable>1</iscustomizable>
      <promptingbehavior>0</promptingbehavior>
      <statecode>0</statecode>
      <statuscode>1</statuscode>
    </connectionreference>
  </connectionreferences>
  <Languages>
    <Language>1033</Language>
  </Languages>
</ImportExportXml>