<environmentvariabledefinition schemaname="new_InnovationCampaign_Archive_ListURL">
  <apiid>/providers/microsoft.powerapps/apis/shared_sharepointonline</apiid>
  <displayname default="InnovationCampaign_Archive_ListURL">
    <label description="InnovationCampaign_Archive_ListURL" languagecode="1033" />
  </displayname>
  <introducedversion>1.0.0.12</introducedversion>
  <iscustomizable>1</iscustomizable>
  <isrequired>0</isrequired>
  <parameterkey>table</parameterkey>
  <parentdefinitionid>
    <schemaname>new_InnovationCampaignSiteURL</schemaname>
  </parentdefinitionid>
  <secretstore>0</secretstore>
  <type>100000004</type>
</environmentvariabledefinition>