<ImportExportXml xmlns:xsi="http://www.w3.org/2001/XMLSchema-instance" OrganizationVersion="9.2.25054.198" OrganizationSchemaType="Standard" CRMServerServiceabilityVersion="9.2.25054.00198">
  <Entities></Entities>
  <Roles></Roles>
  <Workflows>
    <Workflow WorkflowId="{12f26810-2748-f011-877a-6045bd92fb8b}" Name="WF_Idea_Share">
      <JsonFileName>/Workflows/WF_Idea_Share-12F26810-2748-F011-877A-6045BD92FB8B.json</JsonFileName>
      <Type>1</Type>
      <Subprocess>0</Subprocess>
      <Category>5</Category>
      <Mode>0</Mode>
      <Scope>4</Scope>
      <OnDemand>0</OnDemand>
      <TriggerOnCreate>0</TriggerOnCreate>
      <TriggerOnDelete>0</TriggerOnDelete>
      <AsyncAutodelete>0</AsyncAutodelete>
      <SyncWorkflowLogOnFailure>0</SyncWorkflowLogOnFailure>
      <StateCode>1</StateCode>
      <StatusCode>2</StatusCode>
      <RunAs>1</RunAs>
      <IsTransacted>1</IsTransacted>
      <IntroducedVersion>1.0.0.1</IntroducedVersion>
      <IsCustomizable>1</IsCustomizable>
      <BusinessProcessType>0</BusinessProcessType>
      <IsCustomProcessingStepAllowedForOtherPublishers>1</IsCustomProcessingStepAllowedForOtherPublishers>
      <ModernFlowType>0</ModernFlowType>
      <PrimaryEntity>none</PrimaryEntity>
      <LocalizedNames>
        <LocalizedName languagecode="1033" description="WF_Idea_Share" />
      </LocalizedNames>
    </Workflow>
  </Workflows>
  <FieldSecurityProfiles></FieldSecurityProfiles>
  <Templates />
  <EntityMaps />
  <EntityRelationships />
  <OrganizationSettings />
  <optionsets />
  <CustomControls />
  <EntityDataProviders />
  <CanvasApps>
    <CanvasApp>
      <Name>new_pmoinnovationcampaign_cafeb</Name>
      <AppVersion>2025-06-23T09:14:09Z</AppVersion>
      <Status>Ready</Status>
      <CreatedByClientVersion>3.25062.8.0</CreatedByClientVersion>
      <MinClientVersion>3.25062.8.0</MinClientVersion>
      <Tags>{"primaryDeviceWidth":"1366","primaryDeviceHeight":"768","supportsPortrait":"true","supportsLandscape":"true","primaryFormFactor":"Tablet","showStatusBar":"false","publisherVersion":"3.25062.8","minimumRequiredApiVersion":"2.2.0","hasComponent":"true","hasUnlockedComponent":"true","isUnifiedRootApp":"false","sienaVersion":"20250623T065219Z-3.25062.8.0"}</Tags>
      <IsCdsUpgraded>0</IsCdsUpgraded>
      <GalleryItemId xsi:nil="true"></GalleryItemId>
      <BackgroundColor>RGBA(0,176,240,1)</BackgroundColor>
      <DisplayName>Innovation Campaign_202506190245</DisplayName>
      <Description xsi:nil="true"></Description>
      <CommitMessage xsi:nil="true"></CommitMessage>
      <Publisher></Publisher>
      <AuthorizationReferences>[]</AuthorizationReferences>
      <ConnectionReferences>{"48b1b641-8f29-4605-94f3-db0f3a199b61":{"id":"/providers/microsoft.powerapps/apis/shared_logicflows","displayName":"Logic flows","iconUri":"https://conn-afd-prod-endpoint-bmc9bqahasf3grgk.b01.azurefd.net/v1.0.1752/1.0.1752.4216/logicflows/icon.png","dataSources":["WF_Idea_Share"],"dependencies":["7fd82160-0908-452b-8370-5b0496f36fc2"],"dependents":[],"parameterHints":{"workflowName":{"value":"3ae444a6-bb0f-4515-bf0b-4d33b88f86dc"},"workflowEntityId":{"value":"12f26810-2748-f011-877a-6045bd92fb8b"},"workflowDisplayName":{"value":"WF_Idea_Share"},"7fd82160-0908-452b-8370-5b0496f36fc2":{"value":"shared_sharepointonline"}},"parameterHintsV2":{"workflowName":{"value":"3ae444a6-bb0f-4515-bf0b-4d33b88f86dc"},"workflowEntityId":{"value":"12f26810-2748-f011-877a-6045bd92fb8b"},"workflowDisplayName":{"value":"WF_Idea_Share"},"shared_sharepointonline":{"value":"7fd82160-0908-452b-8370-5b0496f36fc2"}},"isOnPremiseConnection":false,"bypassConsent":false,"dataSets":{},"apiTier":"Standard"},"7fd82160-0908-452b-8370-5b0496f36fc2":{"id":"/providers/microsoft.powerapps/apis/shared_sharepointonline","displayName":"SharePoint","iconUri":"https://conn-afd-prod-endpoint-bmc9bqahasf3grgk.b01.azurefd.net/v1.0.1754/1.0.1754.4231/sharepointonline/icon.png","dataSources":["InnovationCampaign","ArchiveInnovationCampaign"],"dependencies":[],"dependents":["48b1b641-8f29-4605-94f3-db0f3a199b61"],"parameterHints":{},"parameterHintsV2":{},"isOnPremiseConnection":false,"bypassConsent":false,"dataSets":{"https://365pace.sharepoint.com/sites/Playground_new_InnovationCampaignSiteURL":{"datasetOverride":{"name":"https://365pace.sharepoint.com/sites/Playground","environmentVariableName":"new_InnovationCampaignSiteURL"},"dataSources":{"InnovationCampaign":{"tableName":"808b57ce-2745-4d58-b9f3-844d50d3eac8","tableNameOverride":{"name":"808b57ce-2745-4d58-b9f3-844d50d3eac8","environmentVariableName":"new_InnovationCampaign_ListURL"}},"ArchiveInnovationCampaign":{"tableName":"c41c3743-c599-474f-8e82-30093f3fd88b","tableNameOverride":{"name":"c41c3743-c599-474f-8e82-30093f3fd88b","environmentVariableName":"new_InnovationCampaign_Archive_ListURL"}}}}},"apiTier":"Standard","actions":["providers/PowerPlatform.Governance/Operations/Read","providers/PowerPlatform.Governance/Operations/Write","providers/PowerPlatform.Governance/Operations/Delete"]},"903ff081-d302-4e9c-8218-26dd5ee500c8":{"id":"/providers/microsoft.powerapps/apis/shared_office365","displayName":"Office 365 Outlook","iconUri":"https://conn-afd-prod-endpoint-bmc9bqahasf3grgk.b01.azurefd.net/v1.0.1757/1.0.1757.4253/office365/icon.png","dataSources":["Office365Outlook"],"dependencies":[],"dependents":[],"parameterHints":{},"parameterHintsV2":{},"isOnPremiseConnection":false,"bypassConsent":false,"dataSets":{},"apiTier":"Standard","actions":["SendEmailV2"]}}</ConnectionReferences>
      <DatabaseReferences>{}</DatabaseReferences>
      <AppComponents>[]</AppComponents>
      <AppComponentDependencies>[]</AppComponentDependencies>
      <CanConsumeAppPass>1</CanConsumeAppPass>
      <CanvasAppType>0</CanvasAppType>
      <BypassConsent>0</BypassConsent>
      <AdminControlBypassConsent>0</AdminControlBypassConsent>
      <EmbeddedApp xsi:nil="true"></EmbeddedApp>
      <IntroducedVersion>1.0</IntroducedVersion>
      <CdsDependencies>{"cdsdependencies":[{"dependencyid":"12f26810-2748-f011-877a-6045bd92fb8b","componenttype":29,"componenttypeplatformname":"Workflow"},{"logicalname":"new_InnovationCampaignSiteURL","componenttype":380,"componenttypeplatformname":"EnvironmentVariableDefinition"},{"logicalname":"new_InnovationCampaign_ListURL","componenttype":380,"componenttypeplatformname":"EnvironmentVariableDefinition"},{"logicalname":"new_InnovationCampaign_Archive_ListURL","componenttype":380,"componenttypeplatformname":"EnvironmentVariableDefinition"}]}</CdsDependencies>
      <IsCustomizable>1</IsCustomizable>
      <BackgroundImageUri>/CanvasApps/new_pmoinnovationcampaign_cafeb_BackgroundImageUri</BackgroundImageUri>
      <DocumentUri>/CanvasApps/new_pmoinnovationcampaign_cafeb_DocumentUri.msapp</DocumentUri>
      <AdditionalUris>
        <AdditionalUri>/CanvasApps/new_pmoinnovationcampaign_cafeb_AdditionalUris0_identity.json</AdditionalUri>
      </AdditionalUris>
    </CanvasApp>
  </CanvasApps>
  <connectionreferences>
    <connectionreference connectionreferencelogicalname="new_sharedoffice365_05102">
      <connectionreferencedisplayname>Office 365 Outlook InnovationCampaign-05102</connectionreferencedisplayname>
      <connectorid>/providers/Microsoft.PowerApps/apis/shared_office365</connectorid>
      <iscustomizable>1</iscustomizable>
      <promptingbehavior>0</promptingbehavior>
      <statecode>0</statecode>
      <statuscode>1</statuscode>
    </connectionreference>
    <connectionreference connectionreferencelogicalname="new_sharedsharepointonline_43050">
      <connectionreferencedisplayname>SharePoint InnovationCampaign-43050</connectionreferencedisplayname>
      <connectorid>/providers/Microsoft.PowerApps/apis/shared_sharepointonline</connectorid>
      <iscustomizable>1</iscustomizable>
      <promptingbehavior>0</promptingbehavior>
      <statecode>0</statecode>
      <statuscode>1</statuscode>
    </connectionreference>
  </connectionreferences>
  <Languages>
    <Language>1033</Language>
  </Languages>
</ImportExportXml>