{
  "properties": {
    "connectionReferences": {
      "shared_sharepointonline": {
        "runtimeSource": "embedded",
        "connection": {
          "connectionReferenceLogicalName": "new_sharedsharepointonline_43050"
        },
        "api": {
          "name": "shared_sharepointonline"
        }
      },
      "shared_office365": {
        "runtimeSource": "embedded",
        "connection": {
          "connectionReferenceLogicalName": "new_sharedoffice365_05102"
        },
        "api": {
          "name": "shared_office365"
        }
      }
    },
    "definition": {
      "$schema": "https://schema.management.azure.com/providers/Microsoft.Logic/schemas/2016-06-01/workflowdefinition.json#",
      "contentVersion": "1.0.0.0",
      "parameters": {
        "$connections": {
          "defaultValue": {},
          "type": "Object"
        },
        "$authentication": {
          "defaultValue": {},
          "type": "SecureObject"
        },
        "InnovationCampaignSiteURL (new_InnovationCampaignSiteURL)": {
          "defaultValue": "https://365pace.sharepoint.com/sites/Playground",
          "type": "String",
          "metadata": {
            "schemaName": "new_InnovationCampaignSiteURL"
          }
        },
        "InnovationCampaign_ListURL (new_InnovationCampaign_ListURL)": {
          "defaultValue": "808b57ce-2745-4d58-b9f3-844d50d3eac8",
          "type": "String",
          "metadata": {
            "schemaName": "new_InnovationCampaign_ListURL"
          }
        }
      },
      "triggers": {
        "Recurrence": {
          "recurrence": {
            "frequency": "Week",
            "interval": 1,
            "startTime": "2025-07-06T04:30:00Z",
            "schedule": {
              "weekDays": [
                "Sunday",
                "Monday",
                "Tuesday",
                "Wednesday",
                "Thursday",
                "Friday",
                "Saturday"
              ]
            }
          },
          "metadata": {
            "operationMetadataId": "7a090733-3fb8-44b0-b676-1c234f1facbb"
          },
          "type": "Recurrence"
        }
      },
      "actions": {
        "Get_items": {
          "runAfter": {},
          "metadata": {
            "operationMetadataId": "bba05e66-92b9-4792-8617-2f25f0882734"
          },
          "type": "OpenApiConnection",
          "inputs": {
            "host": {
              "connectionName": "shared_sharepointonline",
              "operationId": "GetItems",
              "apiId": "/providers/Microsoft.PowerApps/apis/shared_sharepointonline"
            },
            "parameters": {
              "dataset": "@parameters('InnovationCampaignSiteURL (new_InnovationCampaignSiteURL)')",
              "table": "@parameters('InnovationCampaign_ListURL (new_InnovationCampaign_ListURL)')",
              "$filter": "Modified ge '@{formatDateTime(addDays(utcNow(), -7), 'yyyy-MM-dd')}' "
            },
            "authentication": "@parameters('$authentication')"
          }
        },
        "Apply_to_each": {
          "foreach": "@outputs('Get_items')?['body/value']",
          "actions": {
            "Remove_if_created_today": {
              "actions": {
                "Get_changes_for_an_item_or_a_file_(properties_only)": {
                  "runAfter": {},
                  "metadata": {
                    "operationMetadataId": "d7edc0fc-62dc-475e-8d50-d7d58cddcc1a"
                  },
                  "type": "OpenApiConnection",
                  "inputs": {
                    "host": {
                      "connectionName": "shared_sharepointonline",
                      "operationId": "GetItemChanges",
                      "apiId": "/providers/Microsoft.PowerApps/apis/shared_sharepointonline"
                    },
                    "parameters": {
                      "dataset": "@parameters('InnovationCampaignSiteURL (new_InnovationCampaignSiteURL)')",
                      "table": "@parameters('InnovationCampaign_ListURL (new_InnovationCampaign_ListURL)')",
                      "id": "@items('Apply_to_each')?['ID']",
                      "since": "@sub(int(items('Apply_to_each')?['{VersionNumber}']),1)",
                      "includeDrafts": false
                    },
                    "authentication": "@parameters('$authentication')"
                  }
                },
                "AppURL": {
                  "runAfter": {
                    "Get_changes_for_an_item_or_a_file_(properties_only)": [
                      "Succeeded"
                    ]
                  },
                  "metadata": {
                    "operationMetadataId": "fd9fa4f7-4427-4f83-b827-d585e60f1ef8"
                  },
                  "type": "Compose",
                  "inputs": "https://apps.powerapps.com/play/e/default-1a67444e-6d14-4022-b01c-c225b1c02a3c/a/fdee6dd0-eec1-4484-97ef-a77f8a84f62f?tenantId=1a67444e-6d14-4022-b01c-c225b1c02a3c&"
                },
                "LikesCount": {
                  "runAfter": {
                    "AppURL": [
                      "Succeeded"
                    ]
                  },
                  "metadata": {
                    "operationMetadataId": "b38c0a24-f27a-4017-9946-dd08af934bf8"
                  },
                  "type": "Compose",
                  "inputs": "@length(items('Apply_to_each')?['Likes'])"
                },
                "Check_if_modified_in_last_7_days": {
                  "actions": {
                    "Send_an_email_(V2)": {
                      "runAfter": {},
                      "metadata": {
                        "operationMetadataId": "7c62145b-c16f-4beb-ab34-c944d385a487"
                      },
                      "type": "OpenApiConnection",
                      "inputs": {
                        "host": {
                          "connectionName": "shared_office365",
                          "operationId": "SendEmailV2",
                          "apiId": "/providers/Microsoft.PowerApps/apis/shared_office365"
                        },
                        "parameters": {
                          "emailMessage/To": "@items('Apply_to_each')?['Author/Email']",
                          "emailMessage/Subject": "Your idea has received new votes this week – Innovation Campaign App",
                          "emailMessage/Body": "<p>Hi &nbsp;@{items('Apply_to_each')?['Author/DisplayName']},<br>\n<br>\nYour idea @{items('Apply_to_each')?['Title']} in the Innovation Campaign App has received new votes this week.<br>\n<br>\n- Updated vote count: @{outputs('LikesCount')}<br>\n- You can view your idea here: <a href=\"@{outputs('AppURL')}&recordID=@{items('Apply_to_each')?['ID']}\"> @{items('Apply_to_each')?['Title']} </a><br>\n<br>\nYou can also browse and vote on other ideas submitted by your colleagues in the <a href=\"@{outputs('AppURL')}\">Innovation Campaign App.</a></p>",
                          "emailMessage/Importance": "Normal"
                        },
                        "authentication": "@parameters('$authentication')"
                      }
                    }
                  },
                  "runAfter": {
                    "LikesCount": [
                      "Succeeded"
                    ]
                  },
                  "expression": {
                    "and": [
                      {
                        "equals": [
                          "@outputs('Get_changes_for_an_item_or_a_file_(properties_only)')?['body/ColumnHasChanged/Likes']",
                          true
                        ]
                      },
                      {
                        "equals": [
                          "@greaterOrEquals(addDays(utcNow(), -7), items('Apply_to_each')?['Modified'])",
                          false
                        ]
                      }
                    ]
                  },
                  "metadata": {
                    "operationMetadataId": "a0dfee2c-2076-4872-9bdf-3f4d4c26a514"
                  },
                  "type": "If"
                }
              },
              "runAfter": {},
              "expression": {
                "not": {
                  "equals": [
                    "@items('Apply_to_each')?['Created']",
                    "@items('Apply_to_each')?['Modified']"
                  ]
                }
              },
              "metadata": {
                "operationMetadataId": "c57ff0c1-277e-45e0-83fb-7ae5f3a879bc"
              },
              "type": "If"
            }
          },
          "runAfter": {
            "Get_items": [
              "Succeeded"
            ]
          },
          "metadata": {
            "operationMetadataId": "ac97e467-304d-4aa9-b5c6-b9fd46e70950"
          },
          "type": "Foreach"
        }
      }
    },
    "templateName": ""
  },
  "schemaVersion": "1.0.0.0"
}