<ImportExportXml xmlns:xsi="http://www.w3.org/2001/XMLSchema-instance" OrganizationVersion="9.2.25102.161" OrganizationSchemaType="Standard" CRMServerServiceabilityVersion="9.2.25102.00161">
  <Entities></Entities>
  <Roles></Roles>
  <Workflows>
    <Workflow WorkflowId="{7ccbd12d-ecbf-f011-bbd3-6045bdf2788c}" Name="ExporttoPDF">
      <JsonFileName>/Workflows/ExporttoPDF-7CCBD12D-ECBF-F011-BBD3-6045BDF2788C.json</JsonFileName>
      <Type>1</Type>
      <Subprocess>0</Subprocess>
      <Category>5</Category>
      <Mode>0</Mode>
      <Scope>4</Scope>
      <OnDemand>0</OnDemand>
      <TriggerOnCreate>0</TriggerOnCreate>
      <TriggerOnDelete>0</TriggerOnDelete>
      <AsyncAutodelete>0</AsyncAutodelete>
      <SyncWorkflowLogOnFailure>0</SyncWorkflowLogOnFailure>
      <StateCode>1</StateCode>
      <StatusCode>2</StatusCode>
      <RunAs>1</RunAs>
      <IsTransacted>1</IsTransacted>
      <IntroducedVersion>1.0.0.21</IntroducedVersion>
      <IsCustomizable>1</IsCustomizable>
      <BusinessProcessType>0</BusinessProcessType>
      <IsCustomProcessingStepAllowedForOtherPublishers>1</IsCustomProcessingStepAllowedForOtherPublishers>
      <ModernFlowType>0</ModernFlowType>
      <PrimaryEntity>none</PrimaryEntity>
      <LocalizedNames>
        <LocalizedName languagecode="1033" description="ExporttoPDF" />
      </LocalizedNames>
    </Workflow>
  </Workflows>
  <FieldSecurityProfiles></FieldSecurityProfiles>
  <Templates />
  <EntityMaps />
  <EntityRelationships />
  <OrganizationSettings />
  <optionsets />
  <CustomControls />
  <EntityDataProviders />
  <CanvasApps>
    <CanvasApp>
      <Name>ina_inaformalassessment_60d0b</Name>
      <AppVersion>2025-11-13T15:25:17Z</AppVersion>
      <Status>Ready</Status>
      <CreatedByClientVersion>3.25111.6.0</CreatedByClientVersion>
      <MinClientVersion>3.25111.6.0</MinClientVersion>
      <Tags>{"primaryDeviceWidth":"1366","primaryDeviceHeight":"768","supportsPortrait":"true","supportsLandscape":"true","primaryFormFactor":"Tablet","showStatusBar":"false","publisherVersion":"3.25111.6","minimumRequiredApiVersion":"2.2.0","hasComponent":"false","hasUnlockedComponent":"false","isUnifiedRootApp":"false","sienaVersion":"20251112T192007Z-3.25103.13.0"}</Tags>
      <IsCdsUpgraded>0</IsCdsUpgraded>
      <GalleryItemId xsi:nil="true"></GalleryItemId>
      <BackgroundColor>RGBA(0,176,240,1)</BackgroundColor>
      <DisplayName>INA Assessment</DisplayName>
      <Description>This is to be used to enter the findings from INA Assessments into the assessment database for recording and trending</Description>
      <CommitMessage xsi:nil="true"></CommitMessage>
      <Publisher></Publisher>
      <AuthorizationReferences>[]</AuthorizationReferences>
      <ConnectionReferences>{"c0f0fecf-1cc7-4080-a5d6-92f4e266d12c":{"id":"/providers/microsoft.powerapps/apis/shared_logicflows","displayName":"Logic flows","iconUri":"https://conn-afd-prod-endpoint-bmc9bqahasf3grgk.b01.azurefd.net/v1.0.1774/1.0.1774.4397/logicflows/icon.png","dataSources":["ExporttoPDF"],"dependencies":["fbb88752-de93-44f5-bb40-e2049aebea6d","94b75f4e-c7c7-465b-bac6-ba3aeb659204"],"dependents":[],"parameterHints":{"workflowName":{"value":"cad304fd-4d74-4cc8-acb9-37216e228b2b"},"workflowEntityId":{"value":"7ccbd12d-ecbf-f011-bbd3-6045bdf2788c"},"workflowDisplayName":{"value":"ExporttoPDF"},"fbb88752-de93-44f5-bb40-e2049aebea6d":{"value":"shared_sharepointonline"},"94b75f4e-c7c7-465b-bac6-ba3aeb659204":{"value":"shared_onedriveforbusiness"}},"parameterHintsV2":{"workflowName":{"value":"cad304fd-4d74-4cc8-acb9-37216e228b2b"},"workflowEntityId":{"value":"7ccbd12d-ecbf-f011-bbd3-6045bdf2788c"},"workflowDisplayName":{"value":"ExporttoPDF"},"shared_sharepointonline":{"value":"fbb88752-de93-44f5-bb40-e2049aebea6d"},"shared_onedriveforbusiness":{"value":"94b75f4e-c7c7-465b-bac6-ba3aeb659204"}},"isOnPremiseConnection":false,"bypassConsent":false,"dataSets":{},"apiTier":"Standard","actions":["Run"]},"fbb88752-de93-44f5-bb40-e2049aebea6d":{"id":"/providers/microsoft.powerapps/apis/shared_sharepointonline","displayName":"SharePoint","iconUri":"https://conn-afd-prod-endpoint-bmc9bqahasf3grgk.b01.azurefd.net/v1.0.1769/1.0.1769.4352/sharepointonline/icon.png","dataSources":["INAFormalAssessmentList"],"dependencies":[],"dependents":["c0f0fecf-1cc7-4080-a5d6-92f4e266d12c"],"parameterHints":{},"parameterHintsV2":{},"isOnPremiseConnection":false,"bypassConsent":false,"dataSets":{"https://365pace.sharepoint.com/sites/Playground_ina_INAFormalAssessmentSite":{"datasetOverride":{"name":"https://365pace.sharepoint.com/sites/Playground","environmentVariableName":"ina_INAFormalAssessmentSite"},"dataSources":{"INAFormalAssessmentList":{"tableName":"75139d96-8cd7-40dc-9870-583e5afbfac9","tableNameOverride":{"name":"75139d96-8cd7-40dc-9870-583e5afbfac9","environmentVariableName":"ina_INAFormalAssessmentList"}}}}},"apiTier":"Standard","actions":["providers/PowerPlatform.Governance/Operations/Read","providers/PowerPlatform.Governance/Operations/Write"]},"94b75f4e-c7c7-465b-bac6-ba3aeb659204":{"id":"/providers/microsoft.powerapps/apis/shared_onedriveforbusiness","displayName":"OneDrive for Business","iconUri":"https://conn-afd-prod-endpoint-bmc9bqahasf3grgk.b01.azurefd.net/v1.0.1775/1.0.1775.4393/onedriveforbusiness/icon.png","dataSources":[],"dependencies":[],"dependents":["c0f0fecf-1cc7-4080-a5d6-92f4e266d12c"],"parameterHints":{},"parameterHintsV2":{},"isOnPremiseConnection":false,"bypassConsent":false,"dataSets":{},"apiTier":"Standard"}}</ConnectionReferences>
      <DatabaseReferences>{}</DatabaseReferences>
      <AppComponents>[]</AppComponents>
      <AppComponentDependencies>[]</AppComponentDependencies>
      <CanConsumeAppPass>1</CanConsumeAppPass>
      <CanvasAppType>0</CanvasAppType>
      <BypassConsent>0</BypassConsent>
      <AdminControlBypassConsent>0</AdminControlBypassConsent>
      <EmbeddedApp xsi:nil="true"></EmbeddedApp>
      <IntroducedVersion>1.0</IntroducedVersion>
      <CdsDependencies>{"cdsdependencies":[{"dependencyid":"7ccbd12d-ecbf-f011-bbd3-6045bdf2788c","componenttype":29,"componenttypeplatformname":"Workflow"},{"logicalname":"ina_INAFormalAssessmentSite","componenttype":380,"componenttypeplatformname":"EnvironmentVariableDefinition"},{"logicalname":"ina_INAFormalAssessmentList","componenttype":380,"componenttypeplatformname":"EnvironmentVariableDefinition"}]}</CdsDependencies>
      <IsCustomizable>1</IsCustomizable>
      <BackgroundImageUri>/CanvasApps/ina_inaformalassessment_60d0b_BackgroundImageUri</BackgroundImageUri>
      <DocumentUri>/CanvasApps/ina_inaformalassessment_60d0b_DocumentUri.msapp</DocumentUri>
      <AdditionalUris>
        <AdditionalUri>/CanvasApps/ina_inaformalassessment_60d0b_AdditionalUris0_identity.json</AdditionalUri>
      </AdditionalUris>
    </CanvasApp>
  </CanvasApps>
  <connectionreferences>
    <connectionreference connectionreferencelogicalname="new_sharedonedriveforbusiness_b85d8">
      <connectionreferencedisplayname>OneDrive for Business InnovationCampaign-b85d8</connectionreferencedisplayname>
      <connectorid>/providers/Microsoft.PowerApps/apis/shared_onedriveforbusiness</connectorid>
      <iscustomizable>1</iscustomizable>
      <promptingbehavior>0</promptingbehavior>
      <statecode>0</statecode>
      <statuscode>1</statuscode>
    </connectionreference>
    <connectionreference connectionreferencelogicalname="new_sharedsharepointonline_43050">
      <connectionreferencedisplayname>SharePoint InnovationCampaign-43050</connectionreferencedisplayname>
      <connectorid>/providers/Microsoft.PowerApps/apis/shared_sharepointonline</connectorid>
      <iscustomizable>1</iscustomizable>
      <promptingbehavior>0</promptingbehavior>
      <statecode>0</statecode>
      <statuscode>1</statuscode>
    </connectionreference>
  </connectionreferences>
  <Languages>
    <Language>1033</Language>
  </Languages>
</ImportExportXml>