<environmentvariabledefinition schemaname="new_shared_sharepointonline_43261a50dd5a46b1a751d37df00f4f35">
  <apiid>/providers/microsoft.powerapps/apis/shared_sharepointonline</apiid>
  <displayname default="IC_Challenge_Comments">
    <label description="IC_Challenge_Comments" languagecode="1033" />
  </displayname>
  <introducedversion>1.0.0.23</introducedversion>
  <iscustomizable>1</iscustomizable>
  <isrequired>0</isrequired>
  <parameterkey>table</parameterkey>
  <parentdefinitionid>
    <schemaname>new_InnovationCampaignSiteURL</schemaname>
  </parentdefinitionid>
  <secretstore>0</secretstore>
  <type>100000004</type>
</environmentvariabledefinition>