{
  "properties": {
    "connectionReferences": {
      "shared_sharepointonline": {
        "runtimeSource": "invoker",
        "connection": {
          "connectionReferenceLogicalName": "new_sharedsharepointonline_43050"
        },
        "api": {
          "name": "shared_sharepointonline"
        }
      },
      "shared_onedriveforbusiness": {
        "runtimeSource": "invoker",
        "connection": {
          "connectionReferenceLogicalName": "new_sharedonedriveforbusiness_b85d8"
        },
        "api": {
          "name": "shared_onedriveforbusiness"
        }
      }
    },
    "definition": {
      "$schema": "https://schema.management.azure.com/providers/Microsoft.Logic/schemas/2016-06-01/workflowdefinition.json#",
      "contentVersion": "1.0.0.0",
      "parameters": {
        "$connections": {
          "defaultValue": {},
          "type": "Object"
        },
        "$authentication": {
          "defaultValue": {},
          "type": "SecureObject"
        },
        "INAFormalAssessmentSite (ina_INAFormalAssessmentSite)": {
          "defaultValue": "https://365pace.sharepoint.com/sites/Playground",
          "type": "String",
          "metadata": {
            "schemaName": "ina_INAFormalAssessmentSite"
          }
        },
        "INAFormalAssessmentList (ina_INAFormalAssessmentList)": {
          "defaultValue": "75139d96-8cd7-40dc-9870-583e5afbfac9",
          "type": "String",
          "metadata": {
            "schemaName": "ina_INAFormalAssessmentList"
          }
        },
        "INAPDFLibrary (ina_INAPDFLibrary)": {
          "defaultValue": "ExportPDF",
          "type": "String",
          "metadata": {
            "schemaName": "ina_INAPDFLibrary"
          }
        }
      },
      "triggers": {
        "manual": {
          "metadata": {
            "operationMetadataId": "7e640ceb-d3e8-40d3-98d4-ae8e70aba39c"
          },
          "type": "Request",
          "kind": "PowerAppV2",
          "inputs": {
            "schema": {
              "type": "object",
              "properties": {
                "text": {
                  "title": "ID",
                  "type": "string",
                  "x-ms-dynamically-added": true,
                  "description": "Please enter your input",
                  "x-ms-content-hint": "TEXT"
                }
              },
              "required": [
                "text"
              ]
            }
          }
        }
      },
      "actions": {
        "Get_item": {
          "runAfter": {},
          "metadata": {
            "operationMetadataId": "7570a58a-0da2-44e8-8b02-dc511c97452a"
          },
          "type": "OpenApiConnection",
          "inputs": {
            "host": {
              "connectionName": "shared_sharepointonline",
              "operationId": "GetItem",
              "apiId": "/providers/Microsoft.PowerApps/apis/shared_sharepointonline"
            },
            "parameters": {
              "dataset": "@parameters('INAFormalAssessmentSite (ina_INAFormalAssessmentSite)')",
              "table": "@parameters('INAFormalAssessmentList (ina_INAFormalAssessmentList)')",
              "id": "@triggerBody()['text']"
            },
            "authentication": "@parameters('$authentication')"
          }
        },
        "Create_file": {
          "runAfter": {
            "Compose": [
              "Succeeded"
            ]
          },
          "metadata": {
            "operationMetadataId": "9ee580fd-1cb1-42d9-9cf8-141a8ce72f53"
          },
          "type": "OpenApiConnection",
          "inputs": {
            "host": {
              "connectionName": "shared_onedriveforbusiness",
              "operationId": "CreateFile",
              "apiId": "/providers/Microsoft.PowerApps/apis/shared_onedriveforbusiness"
            },
            "parameters": {
              "folderPath": "/",
              "name": "ListItem_@{outputs('Get_item')?['body/ID']}_@{utcNow()}.html",
              "body": "@outputs('Compose')"
            },
            "authentication": "@parameters('$authentication')"
          },
          "runtimeConfiguration": {
            "contentTransfer": {
              "transferMode": "Chunked"
            }
          }
        },
        "Convert_file": {
          "runAfter": {
            "Create_file": [
              "Succeeded"
            ]
          },
          "metadata": {
            "operationMetadataId": "a6ce4ba1-da8d-476f-b37a-bac91da82f59"
          },
          "type": "OpenApiConnection",
          "inputs": {
            "host": {
              "connectionName": "shared_onedriveforbusiness",
              "operationId": "ConvertFile",
              "apiId": "/providers/Microsoft.PowerApps/apis/shared_onedriveforbusiness"
            },
            "parameters": {
              "id": "@outputs('Create_file')?['body/Id']",
              "type": "PDF"
            },
            "authentication": "@parameters('$authentication')"
          }
        },
        "Respond_to_a_Power_App_or_flow": {
          "runAfter": {
            "Compose_2": [
              "Succeeded"
            ]
          },
          "metadata": {
            "operationMetadataId": "3f1dc8aa-821f-4546-af06-e24cd8758977"
          },
          "type": "Response",
          "kind": "PowerApp",
          "inputs": {
            "statusCode": 200,
            "body": {
              "pdf": "@{outputs('Compose_2')}",
              "filename": "Exportedfile.pdf",
              "mimetype": "application/pdf",
              "filecontent": "@{outputs('Compose_2')}"
            },
            "schema": {
              "type": "object",
              "properties": {
                "pdf": {
                  "title": "pdf",
                  "x-ms-dynamically-added": true,
                  "type": "string"
                },
                "filename": {
                  "title": "fileName",
                  "x-ms-dynamically-added": true,
                  "type": "string"
                },
                "mimetype": {
                  "title": "mimeType",
                  "x-ms-dynamically-added": true,
                  "type": "string"
                },
                "filecontent": {
                  "title": "filecontent",
                  "x-ms-dynamically-added": true,
                  "type": "string",
                  "format": "byte"
                }
              }
            }
          }
        },
        "Create_file_2": {
          "runAfter": {
            "Convert_file": [
              "Succeeded"
            ]
          },
          "metadata": {
            "operationMetadataId": "53ca9f20-d235-4487-b22b-4c067591e56d"
          },
          "type": "OpenApiConnection",
          "inputs": {
            "host": {
              "connectionName": "shared_sharepointonline",
              "operationId": "CreateFile",
              "apiId": "/providers/Microsoft.PowerApps/apis/shared_sharepointonline"
            },
            "parameters": {
              "dataset": "@parameters('INAFormalAssessmentSite (ina_INAFormalAssessmentSite)')",
              "folderPath": "@parameters('INAPDFLibrary (ina_INAPDFLibrary)')",
              "name": "@{outputs('Get_item')?['body/ID']}_Targeted_Assessment_@{utcNow()}.pdf",
              "body": "@body('Convert_file')"
            },
            "authentication": "@parameters('$authentication')"
          },
          "runtimeConfiguration": {
            "contentTransfer": {
              "transferMode": "Chunked"
            }
          }
        },
        "Compose_2": {
          "runAfter": {
            "Create_file_2": [
              "Succeeded"
            ]
          },
          "metadata": {
            "operationMetadataId": "5590c04b-635b-41f2-8722-57fd31539942"
          },
          "type": "Compose",
          "inputs": "@{parameters('INAFormalAssessmentSite (ina_INAFormalAssessmentSite)')}/_layouts/download.aspx?SourceUrl=@{parameters('INAFormalAssessmentSite (ina_INAFormalAssessmentSite)')}@{outputs('Create_file_2')?['body/Path']}"
        },
        "Initialize_variable": {
          "runAfter": {
            "Get_item": [
              "Succeeded"
            ]
          },
          "metadata": {
            "operationMetadataId": "69c80b29-000e-40ec-bcca-a4ed83295bdb"
          },
          "type": "InitializeVariable",
          "inputs": {
            "variables": [
              {
                "name": "Lic Condition Assessment",
                "type": "string"
              }
            ]
          }
        },
        "Condition": {
          "actions": {
            "Set_variable_2": {
              "runAfter": {},
              "metadata": {
                "operationMetadataId": "4a1133c1-e6a1-4c7d-9d33-f01508fcb434"
              },
              "type": "SetVariable",
              "inputs": {
                "name": "Lic Condition Assessment",
                "value": "N/A"
              }
            }
          },
          "runAfter": {
            "Condition_2": [
              "Succeeded"
            ]
          },
          "else": {
            "actions": {
              "Apply_to_each": {
                "foreach": "@outputs('Get_item')?['body/LicenceConditionsTargetedDuringA']",
                "actions": {
                  "Append_to_string_variable": {
                    "runAfter": {},
                    "metadata": {
                      "operationMetadataId": "b73486ae-f0d6-4e44-939f-24193149728c"
                    },
                    "type": "AppendToStringVariable",
                    "inputs": {
                      "name": "Lic Condition Assessment",
                      "value": "@{items('Apply_to_each')?['Value']};"
                    }
                  }
                },
                "runAfter": {},
                "metadata": {
                  "operationMetadataId": "3090ee5e-7bd4-4ec0-a11e-dcdd174c018a"
                },
                "type": "Foreach"
              }
            }
          },
          "expression": {
            "equals": [
              "@empty(outputs('Get_item')?['body/LicenceConditionsTargetedDuringA'])",
              true
            ]
          },
          "metadata": {
            "operationMetadataId": "461b0164-2fdb-49db-836b-2067548128c7"
          },
          "type": "If"
        },
        "Compose": {
          "runAfter": {
            "Condition": [
              "Succeeded"
            ]
          },
          "metadata": {
            "operationMetadataId": "08dd71d9-645e-46e6-b08e-8a246bbf874e"
          },
          "type": "Compose",
          "inputs": "<!-- This punctions signifies a comment. It has no impact on the code functionality -->\n \n<html>\n<!-- This is all of the formmating for the document -->\n  <head>\n    <style>\n      body { font-family: Arial, sans-serif; padding: 20px; }\n      h2 { color: #2e6c80; }\n      table { border-collapse: collapse; width: 100%; }\n      th, td { border: 1px solid #ccc; padding: 8px; text-align: left; vertical-align: top; }\n      th { background-color: #f2f2f2; width: 30%; }\n    </style>\n  </head>\n  <body>\n    <h2>INA Targeted Assessment Report</h2>\n \n \n    <table>\n<!-- <tr> = Table Row, <th> = Table Header Cell, <td> = Table Data -->\n<!-- </##> indicated end of the row, header cell or data cell -->\n \n      <tr><th>Title</th><td>@{outputs('Get_item')?['body/Title']}</td></tr>\n      <tr><th>Name  of the Lead Assessor</th><td>@{outputs('Get_item')?['body/LeadAssessor/DisplayName']}</td></tr>\n      <tr><th>Date Assessment Completed</th><td>@{outputs('Get_item')?['body/AssessmentDateCompleted']}</td></tr>\n \n      <tr><th>Assessment Sensitivity Rating</th><td>@{outputs('Get_item')?['body/AssessmentSensitivityRating/Value']}</td></tr>\n      <tr><th>Scope of Assessment</th><td>@{outputs('Get_item')?['body/ScopeofAssessment']}</td></tr>\n       <tr><th>Executive Summary</th><td>@{outputs('Get_item')?['body/ExecutiveSummary']}</td></tr>\n      <tr><th>Assessment Rating</th><td>@{outputs('Get_item')?['body/AssessmentRating/Value']}</td></tr>\n\n      <tr><th>Relates to a Licence Condition?</th><td>@{outputs('Get_item')?['body/LicenceCondition/Value']}</td></tr>\n <tr><th>Licence Conditions Targeted During Assessment</th><td>@{variables('Lic Condition Assessment')}</td></tr>\n\n\n<!-- This above line allows N/A to be displaed if the assessment doesn't relate to a licence condition -->\n \n      <tr><th>Persons/Departments Assessed</th><td>@{outputs('Get_item')?['body/PersonsDepartment']}</td></tr>\n      <tr><th>How Effective Are Other Lines of Assurance?</th><td>@{outputs('Get_item')?['body/HowEffectiveAreOtherLinesofAssur']}</td></tr>\n      <tr><th>INA Topic Areas Identified?</th><td>@{variables('INA Topic Area Identified')}</td></tr>\n      <tr><th>Assessment Details</th><td>@{outputs('Get_item')?['body/AssessmentDetails']}</td></tr>\n<tr><th>Were There Any Findings or Observations?</th><td>@{outputs('Get_item')?['body/AnyFindingsorObservations/Value']}</td></tr>\n   \n      <tr><th>Persons Interviewed</th><td>@{outputs('Get_item')?['body/ListPersonsInterviewed']}</td></tr>\n      <tr><th>Documents Reviewed</th><td>@{outputs('Get_item')?['body/ListDocumentsReviewed']}</td></tr>\n      <tr><th>INA Assessors</th><td></td></tr>\n      <tr><th>Name of Reviewer</th><td>@{outputs('Get_item')?['body/NameofReviewer']}</td></tr>\n <tr><th>Team Center Reference</th><td>@{outputs('Get_item')?['body/TeamCenterReference']}</td></tr>\n <tr><th>Report to be Distributed To ?</th><td>@{outputs('Get_item')?['body/Reporttobedistributedto']}</td></tr>\n <tr><th>Insight Number</th><td>@{outputs('Get_item')?['body/InsightNumber']}</td></tr>\n \n\n \n    </table>\n  </body>\n</html>"
        },
        "Initialize_variable_2": {
          "runAfter": {
            "Initialize_variable": [
              "Succeeded"
            ]
          },
          "metadata": {
            "operationMetadataId": "58730280-80fc-4d0a-b7a5-c1871a6aee5d"
          },
          "type": "InitializeVariable",
          "inputs": {
            "variables": [
              {
                "name": "INA Topic Area Identified",
                "type": "string"
              }
            ]
          }
        },
        "Condition_2": {
          "actions": {
            "Set_variable": {
              "runAfter": {},
              "metadata": {
                "operationMetadataId": "ab773892-4225-48c6-8913-6bb0430c1811"
              },
              "type": "SetVariable",
              "inputs": {
                "name": "INA Topic Area Identified",
                "value": "N/A"
              }
            }
          },
          "runAfter": {
            "Initialize_variable_2": [
              "Succeeded"
            ]
          },
          "else": {
            "actions": {
              "Apply_to_each_2": {
                "foreach": "@outputs('Get_item')?['body/INATopicAreasIdentified']",
                "actions": {
                  "Append_to_string_variable_2": {
                    "runAfter": {},
                    "metadata": {
                      "operationMetadataId": "0474e30f-94be-42cd-989c-6a4f3aea4f92"
                    },
                    "type": "AppendToStringVariable",
                    "inputs": {
                      "name": "INA Topic Area Identified",
                      "value": "@{items('Apply_to_each_2')?['Value']};"
                    }
                  }
                },
                "runAfter": {},
                "metadata": {
                  "operationMetadataId": "869ddca1-6d28-4080-a979-9934c84af1f1"
                },
                "type": "Foreach"
              }
            }
          },
          "expression": {
            "equals": [
              "@empty(outputs('Get_item')?['body/INATopicAreasIdentified'])",
              true
            ]
          },
          "metadata": {
            "operationMetadataId": "e3bb2153-c602-444d-931f-cb8af818c3e0"
          },
          "type": "If"
        }
      }
    },
    "templateName": ""
  },
  "schemaVersion": "1.0.0.0"
}