{
  "properties": {
    "connectionReferences": {
      "shared_office365_1": {
        "runtimeSource": "embedded",
        "connection": {
          "connectionReferenceLogicalName": "pei_sharedoffice365_12f8a"
        },
        "api": {
          "name": "shared_office365"
        }
      },
      "shared_sharepointonline": {
        "runtimeSource": "embedded",
        "connection": {
          "connectionReferenceLogicalName": "new_sharedsharepointonline_43050"
        },
        "api": {
          "name": "shared_sharepointonline"
        }
      }
    },
    "definition": {
      "$schema": "https://schema.management.azure.com/providers/Microsoft.Logic/schemas/2016-06-01/workflowdefinition.json#",
      "contentVersion": "1.0.0.0",
      "parameters": {
        "$connections": {
          "defaultValue": {},
          "type": "Object"
        },
        "$authentication": {
          "defaultValue": {},
          "type": "SecureObject"
        },
        "InnovationCampaignSiteURL (new_InnovationCampaignSiteURL)": {
          "defaultValue": "https://365pace.sharepoint.com/sites/Playground",
          "type": "String",
          "metadata": {
            "schemaName": "new_InnovationCampaignSiteURL"
          }
        },
        "InnovationCampaign_Challenge (new_InnovationCampaign_Challenge)": {
          "defaultValue": "178517d0-8a8c-4cba-9207-45b338b8ed47",
          "type": "String",
          "metadata": {
            "schemaName": "new_InnovationCampaign_Challenge"
          }
        },
        "IC_Challenge_Solutions (new_shared_sharepointonline_d27ae97bd86b485cbed5ea5e69a668fa)": {
          "defaultValue": "bced2bb1-ec42-44e9-a5f7-40d1b9034d29",
          "type": "String",
          "metadata": {
            "schemaName": "new_shared_sharepointonline_d27ae97bd86b485cbed5ea5e69a668fa"
          }
        }
      },
      "triggers": {
        "When_an_item_is_created": {
          "recurrence": {
            "interval": 5,
            "frequency": "Minute"
          },
          "splitOn": "@triggerOutputs()?['body/value']",
          "metadata": {
            "operationMetadataId": "6bb72da1-799e-47c4-9885-e13b4e0e5196"
          },
          "type": "OpenApiConnection",
          "inputs": {
            "host": {
              "connectionName": "shared_sharepointonline",
              "operationId": "GetOnNewItems",
              "apiId": "/providers/Microsoft.PowerApps/apis/shared_sharepointonline"
            },
            "parameters": {
              "dataset": "@parameters('InnovationCampaignSiteURL (new_InnovationCampaignSiteURL)')",
              "table": "@parameters('IC_Challenge_Solutions (new_shared_sharepointonline_d27ae97bd86b485cbed5ea5e69a668fa)')"
            },
            "authentication": "@parameters('$authentication')"
          }
        }
      },
      "actions": {
        "Send_an_email_(V2)": {
          "runAfter": {
            "Get_item": [
              "Succeeded"
            ]
          },
          "metadata": {
            "operationMetadataId": "d7199e81-3d13-4533-ad7a-d7f3fc1a430d"
          },
          "type": "OpenApiConnection",
          "inputs": {
            "host": {
              "connectionName": "shared_office365_1",
              "operationId": "SendEmailV2",
              "apiId": "/providers/Microsoft.PowerApps/apis/shared_office365"
            },
            "parameters": {
              "emailMessage/To": "@triggerOutputs()?['body/Author/Email']",
              "emailMessage/Subject": "SZC Innovation Hub: PMO Innovation Campaign Solution Submitted",
              "emailMessage/Body": "<p>Thank you for submitting your Solution for the \"@{outputs('Get_item')?['body/Title']}\" PMO Innovation Campaign<br>\nSolution Details are below :<br>\n<br>\nTitle : @{triggerOutputs()?['body/Title']}<br>\n<br>\nDescription : @{triggerOutputs()?['body/Description']}<br>\n<br>\nIs this based on an existing solution? :@{triggerOutputs()?['body/foranexistingsolution/Value']}<br>\n<br>\nWhat of the following possibilities do you propose? : @{variables('Possibilities')}<br>\n<br>\nIf it is FOAK, do you know the challenge that<br>\nyour idea is going to address? : @{triggerOutputs()?['body/FOAK']}<br>\n<br>\nWhat is the area of impact that you percieve if the ideas gets<br>\nimplemented? : @{variables('Area of Impact')}<br>\n<br>\nScale of Impact: @{triggerOutputs()?['body/ScaleofImpact/Value']}</p>",
              "emailMessage/From": "Prog.Innovation@sizewellc.com",
              "emailMessage/Importance": "Normal"
            },
            "authentication": "@parameters('$authentication')"
          }
        },
        "Initialize_variable": {
          "runAfter": {},
          "metadata": {
            "operationMetadataId": "53d675fd-e22a-46e5-8237-eede0003bcb4"
          },
          "type": "InitializeVariable",
          "inputs": {
            "variables": [
              {
                "name": "Possibilities",
                "type": "string"
              }
            ]
          }
        },
        "Initialize_variable_2": {
          "runAfter": {
            "Initialize_variable": [
              "Succeeded"
            ]
          },
          "metadata": {
            "operationMetadataId": "01ce2dda-00c2-4506-a21a-1db07eda0f2a"
          },
          "type": "InitializeVariable",
          "inputs": {
            "variables": [
              {
                "name": "VarAppURL",
                "type": "string",
                "value": "<a href =\"https://apps.powerapps.com/play/e/6291e5f2-e4f0-e62a-b163-4c8d67aafdab/a/b74ff1d7-61db-4890-b836-1a4aece643b0?tenantId=1a67444e-6d14-4022-b01c-c225b1c02a3c&hint=168cf971-ddd2-4467-9f31-78a9266f3c45&sourcetime=1763466266372\">SZC Innovation Hub</a>"
              }
            ]
          }
        },
        "Get_item": {
          "runAfter": {
            "Apply_to_each": [
              "Succeeded"
            ]
          },
          "metadata": {
            "operationMetadataId": "778347af-e9a3-4482-ab81-ed54fc6caa38"
          },
          "type": "OpenApiConnection",
          "inputs": {
            "host": {
              "connectionName": "shared_sharepointonline",
              "operationId": "GetItem",
              "apiId": "/providers/Microsoft.PowerApps/apis/shared_sharepointonline"
            },
            "parameters": {
              "dataset": "@parameters('InnovationCampaignSiteURL (new_InnovationCampaignSiteURL)')",
              "table": "@parameters('InnovationCampaign_Challenge (new_InnovationCampaign_Challenge)')",
              "id": "@triggerOutputs()?['body/ChallengeID']"
            },
            "authentication": "@parameters('$authentication')"
          }
        },
        "Initialize_variable_3": {
          "runAfter": {
            "Initialize_variable_2": [
              "Succeeded"
            ]
          },
          "metadata": {
            "operationMetadataId": "a681178a-cda4-42fa-bdbd-02cb7966a6c8"
          },
          "type": "InitializeVariable",
          "inputs": {
            "variables": [
              {
                "name": "Area of Impact",
                "type": "string"
              }
            ]
          }
        },
        "Apply_to_each_2": {
          "foreach": "@triggerOutputs()?['body/Possibilities']",
          "actions": {
            "Append_to_string_variable": {
              "runAfter": {},
              "metadata": {
                "operationMetadataId": "6bd0e768-c8a4-4124-b916-c882c3d5d022"
              },
              "type": "AppendToStringVariable",
              "inputs": {
                "name": "Possibilities",
                "value": "@{items('Apply_to_each_2')?['Value']},"
              }
            }
          },
          "runAfter": {
            "Initialize_variable_3": [
              "Succeeded"
            ]
          },
          "metadata": {
            "operationMetadataId": "e711fbb0-5013-4af7-847e-3f5fc2d796d7"
          },
          "type": "Foreach"
        },
        "Apply_to_each": {
          "foreach": "@triggerOutputs()?['body/AreaofPositiveImpact']",
          "actions": {
            "Append_to_string_variable_2": {
              "runAfter": {},
              "metadata": {
                "operationMetadataId": "25329243-1094-42cb-b0e3-f424593ab342"
              },
              "type": "AppendToStringVariable",
              "inputs": {
                "name": "Area of Impact",
                "value": "@{items('Apply_to_each')?['Value']},"
              }
            }
          },
          "runAfter": {
            "Apply_to_each_2": [
              "Succeeded"
            ]
          },
          "metadata": {
            "operationMetadataId": "ca83831b-736c-4589-9a2c-66d0ec20857c"
          },
          "type": "Foreach"
        }
      }
    },
    "templateName": ""
  },
  "schemaVersion": "1.0.0.0"
}